{
  "version": "2.0",
  "logging": {
    "applicationInsights": {
      "samplingSettings": {
        "isEnabled": true,
        "maxTelemetryItemsPerSecond": 20,
        "excludedTypes": "Request"
      }
    },
    "logLevel": {
      "default": "Information",
      "Function": "Information",
      "Host": "Warning"
    }
  },
  "extensionBundle": {
    "id": "Microsoft.Azure.Functions.ExtensionBundle",
    "version": "[4.*, 5.0.0)"
  },
  "functionTimeout": "00:10:00",
  "retry": {
    "strategy": "fixedDelay",
    "maxRetryCount": 2,
    "delayInterval": "00:00:05"
  }
}
